"dataset_name","function_name","id","episode_id","input","output","tool_params","tags","auxiliary","is_deleted","updated_at"
"foo","write_haiku","01934fc5-ea98-71f0-8191-9fd88f34c28b","0193fb9d-73ad-7ad2-807d-a2ef10088ff9","{""messages"":[{""role"":""user"",""content"":[{""type"":""text"",""value"":{""topic"":""upward""}}]}]}","[{""type"":""text"",""text"":""Alright, the theme of \""upward\"" immediately brings to mind things that ascend or rise. This can be movements, emotions, or natural events.\n\nLet's craft a haiku:\n\nMountains touch the sky,  \nClouds race past the soaring peaks,  \nWorld beneath grows small.""}]","","{}","",false,"2025-02-19 00:25:04"
"foo","write_haiku","01940096-2720-7050-8454-c1e3d606e578","0193fb9d-9782-7602-a055-1bb2c52eecdb","{""messages"":[{""role"":""user"",""content"":[{""type"":""text"",""value"":{""topic"":""angel""}}]}]}","[{""type"":""text"",""text"":""Alright, let's think about angels. They are ethereal, celestial beings often depicted with wings and a sense of purity or divinity. The hyperbole could focus on their graceful presence or their endless benevolence.\n\nNow, let's construct the haiku:\n\nWings like endless skies,  \nGuardians of light and love,  \nThey outshine the stars.  ""}]","","{}","",false,"2025-02-19 00:25:04"
"foo","write_haiku","01942b0c-0e70-78b2-85e7-1d5ef54f793a","0193fb9d-a2eb-7b72-ac62-c39fa1a85bec","{""messages"":[{""role"":""user"",""content"":[{""type"":""text"",""value"":{""topic"":""pate""}}]}]}","[{""type"":""text"",""text"":""Alright, let's think about pate. It's a type of finely ground meat paste, often considered luxurious and refined, typically enjoyed as a spread on bread or crackers. It's rich, smooth, and can bring to mind indulgent culinary experiences. \n\nNow for the hyperbole – something that exaggerates for effect. Perhaps we can think about it as the epitome of culinary refinement, or even suggest it transforms any dining experience into something almost heavenly.\n\nLet's put it all together:\n\nRich pate so smooth, fine  \nTurns bread to pure gold, divine,  \nFeast fit for the gods.""}]","","{}","",false,"2025-02-19 00:25:04"
"foo","write_haiku","0194273e-a320-71a2-8703-44fa2b0c60e0","0193fb9d-abbf-7170-aaf7-38afb0baa568","{""messages"":[{""role"":""user"",""content"":[{""type"":""text"",""value"":{""topic"":""lead""}}]}]}","[{""type"":""text"",""text"":""Alright, the topic is lead. I'm thinking about the heavy nature of lead, its historical use in various applications, and its contrast with lighter elements. I also want to incorporate hyperbole, which means I'll exaggerate for effect.\n\nLead, heavy like worlds,  \nCrushing all beneath its weight,  \nMountains start to quake.""}]","","{}","",false,"2025-02-19 00:25:04"
"foo","write_haiku","01944abb-eb28-7f22-8731-310bea89ab70","0193fb9d-92d2-7090-b3d9-e8b8e1101976","{""messages"":[{""role"":""user"",""content"":[{""type"":""text"",""value"":{""topic"":""mocha""}}]}]}","[{""type"":""text"",""text"":""Alright, the topic is mocha—a drink that brings to mind the rich blend of coffee and chocolate. Mocha is often associated with coziness, warmth, and perhaps a little indulgence. Now thinking about hyperbole, which involves exaggerating for effect...\n\nLet me think: I could evoke an intense image or feeling associated with mocha. Mocha could be so delightful that it feels like it's absolutely necessary for survival, or maybe it's so delicious it feels like being transported to a different world. \n\nHere we go:\n\nMocha cup in hand,  \nEarth's axis tilts towards bliss—  \na world swims in warmth.""}]","","{}","",false,"2025-02-19 00:25:04"
"foo","write_haiku","0193fa3f-c700-74e1-873e-86861df758e4","0193fb9d-5717-72e0-9ef2-24425652dedd","{""messages"":[{""role"":""user"",""content"":[{""type"":""text"",""value"":{""topic"":""literature""}}]}]}","[{""type"":""text"",""text"":""Alright, let's think about literature and how expansive and profound it can be. The topic evokes vast libraries, the wisdom of ages, countless narratives and worlds created through words. We can use hyperbole to emphasize the boundless and timeless nature of literature.\n\nHere’s a try:\n\nBooks long as oceans,  \nEndless tales in paper waves,  \nWords outlive the stars.""}]","","{}","",false,"2025-02-19 00:25:04"
"foo","write_haiku","01945256-c5b0-7b40-8840-caf0ee0c2c49","0193fb9d-bf0a-7c13-b4b0-28aac3d3a0cb","{""messages"":[{""role"":""user"",""content"":[{""type"":""text"",""value"":{""topic"":""sesame""}}]}]}","[{""type"":""text"",""text"":""Alright, the topic is sesame. Let's see, sesame seeds are small, but they are so significant in flavor and nutrition. They are often used in countless cuisines around the world. Thinking about these tiny seeds and the use of hyperbole, I want to imagine them in an exaggerated light.\n\nTiny seeds of gold,  \nEmpires rise with your power,  \nWorlds in your embrace.  \n\nThere it is, the haiku captures the grandeur of tiny sesame seeds with hyperbolic imagery. The seeds are so influential, they cause empires to rise and worlds to exist within their grasp.""}]","","{}","",false,"2025-02-19 00:25:04"
"foo","write_haiku","01936551-ffc8-7372-8991-0a2929d3f5b0","0193fb9d-947b-7461-8543-81bdecb3ecf9","{""messages"":[{""role"":""user"",""content"":[{""type"":""text"",""value"":{""topic"":""pegboard""}}]}]}","[{""type"":""text"",""text"":""Pegboard, an organizational tool used to hang and display various items like tools and craft supplies. When trying to come up with a haiku, I'll focus on its utility and the exaggerated vastness it might bring to a space.\n\nLet's think:\n\n1. I need a line with five syllables related to the pegboard.\n2. The next line should have seven syllables.\n3. Finally, another five-syllable line, perhaps amplifying the idea.\n\n\nOn the ocean's face,   \nEndless items hang in rows,   \nHolds a world of tools.  \n\nThe haiku brings out the idea that a pegboard, though a simple tool, can hold countless items, creating an overstatement that it carries a \""world\"" of tools.""}]","","{}","",false,"2025-02-19 00:25:04"
"foo","write_haiku","0193961e-4738-7e51-8b49-c52c3827ef8b","0193fb9d-a756-7680-8ae2-4694cb8071b4","{""messages"":[{""role"":""user"",""content"":[{""type"":""text"",""value"":{""topic"":""suppression""}}]}]}","[{""type"":""text"",""text"":""Suppression: a complex topic of holding down or stifling something. Now, I need to incorporate exaggerated language or imagery with hyperbole to highlight the effect of suppression. Let's see...\n\nSilent avalanche  \nCrushes whispers into dust—  \nWords lost, mountains rise.""}]","","{}","",false,"2025-02-19 00:25:04"
"foo","write_haiku","019399eb-b288-71d3-8b7a-800e7bc6d2d9","0193fb9d-8fb3-7ab1-8bd2-70bc0cfa480e","{""messages"":[{""role"":""user"",""content"":[{""type"":""text"",""value"":{""topic"":""banner""}}]}]}","[{""type"":""text"",""text"":""Alright, let's craft a haiku about the topic \""banner.\"" I need to think about the aspects of a banner - perhaps its size or the way it's displayed. Let's try to include some hyperbole, which means I need to exaggerate a detail. It needs to be visually impactful or have an emotional effect.\n\nHere's a try:\n\nBanner spans the sky,  \nEndless colors dance through clouds,  \nWorlds unite below.""}]","","{}","",false,"2025-02-19 00:25:04"
"foo","write_haiku","01945dbf-0b88-7c82-8bb7-cd623f1c4a62","0193fb9d-7e1e-7270-b70e-e3cdcb860d4a","{""messages"":[{""role"":""user"",""content"":[{""type"":""text"",""value"":{""topic"":""detainee""}}]}]}","[{""type"":""text"",""text"":""Alright, let's delve into the topic of detainee. A detainee typically refers to a person held in custody, usually for legal or political reasons. When thinking of how to incorporate hyperbole, I might want to exaggerate aspects of detention, such as the passage of time, the nature of confinement, or the emotional experience. Here's what I came up with:\n\nEndless nights linger,  \nTime stands still in cold shadows—  \nWalls whisper secrets.""}]","","{}","",false,"2025-02-19 00:25:04"
"foo","write_haiku","0193bd68-fe78-7511-8c6b-1af79594d8f0","0193fb9d-b615-7e41-9306-27de1a1f5f0a","{""messages"":[{""role"":""user"",""content"":[{""type"":""text"",""value"":{""topic"":""track""}}]}]}","[{""type"":""text"",""text"":""Alright, let's brainstorm some ideas for a haiku about track with a hyperbolic twist. Track often brings to mind elements such as racing, speed, the track surface, or the excitement of competition. Hyperbole involves exaggerated statements, so I could play up the speed or endurance aspect.\n\nLet's focus on the idea of speed:\n\nFaster than the light,  \nevery step echoes thunder,  \nearth spins beneath feet.  \n\nThis haiku highlights the sense of racing speed, using hyperbole with \""faster than the light\"" and \""earth spins beneath feet,\"" creating an exaggerated image related to track.""}]","","{}","",false,"2025-02-19 00:25:04"
"foo","write_haiku","01944977-74a8-7752-8eb4-4729ea60e456","0193fb9d-69a1-76e1-b3c5-14260fb6d18b","{""messages"":[{""role"":""user"",""content"":[{""type"":""text"",""value"":{""topic"":""excitement""}}]}]}","[{""type"":""text"",""text"":""Alright, excitement. Let's see... I need to convey a sense of thrill or enthusiasm. But to meet the criteria, I need to use hyperbole as well. That means I'll need to exaggerate the feeling or experience of excitement to make it vivid or otherworldly.\n\nOkay, here we go:\n\nHeart's drum beats so loud,  \nOcean's roar can't compare to  \nthe thrill's endless surge.""}]","","{}","",false,"2025-02-19 00:25:04"
"foo","write_haiku","019369c1-a658-7133-8ed2-94525f8a613e","0193fb9d-a395-75b3-8697-d101adcfdbaa","{""messages"":[{""role"":""user"",""content"":[{""type"":""text"",""value"":{""topic"":""blast""}}]}]}","[{""type"":""text"",""text"":""Alright, let's write a haiku about the topic \""blast\"". With a blast, we're often dealing with something explosive, powerful, and dynamic. This could be literal or metaphorical. The hyperbole will help amplify the experience, making it feel grander and more overwhelming.\n\nI need to capture the explosive nature of a blast, maybe how it overwhelms the senses or shakes the world around it.\n\nHere is the haiku:\n\nMountains shake and sway,  \nThe sky splits with roaring might,  \nStars fall, earth trembles.""}]","","{}","",false,"2025-02-19 00:25:04"
"foo","write_haiku","019445aa-0570-7c70-8fe4-78e582363aaf","0193fb9d-56f5-7770-b35c-ea0bc9fa0d97","{""messages"":[{""role"":""user"",""content"":[{""type"":""text"",""value"":{""topic"":""cheetah""}}]}]}","[{""type"":""text"",""text"":""Ah, the cheetah! Known for its remarkable speed and agility. When I think of a topic like this, I imagine the vast savannas, the breeze of the wind, and the sheer grace of this incredible animal. How can we capture the essence of rapidity and elegance by exaggerating its features?\n\nFastest of all beasts,  \nIn the blink of an eye's flash,  \nStars race to keep up.""}]","","{}","",false,"2025-02-19 00:25:04"
"foo","write_haiku","0194543d-7b58-78c1-9060-649660aef4ed","0193fb9d-9662-7640-b524-fe5dbe67fb3d","{""messages"":[{""role"":""user"",""content"":[{""type"":""text"",""value"":{""topic"":""vitamin""}}]}]}","[{""type"":""text"",""text"":""Okay, let's think about vitamins. They're essential nutrients that support the body's health and wellness. I could exaggerate their benefits, maybe by suggesting that they have an almost magical effect on the body. I'll need to fit this idea within the constraints of a 5-7-5 syllable pattern. Here goes:\n\nMagic in a pill,  \nEnergizes the spirit,  \nStronger than mountains.""}]","","{}","",false,"2025-02-19 00:25:04"
"foo","write_haiku","0193957c-0810-77b1-9066-0d03d9bd0d68","0193fb9d-65b4-7d41-8ad6-920e55b5b12f","{""messages"":[{""role"":""user"",""content"":[{""type"":""text"",""value"":{""topic"":""hydrofoil""}}]}]}","[{""type"":""text"",""text"":""Alright, let's think about the topic of hydrofoil. A hydrofoil is a type of boat or vessel that skims across the surface of the water, lifted by wing-like structures underneath. It's known for its speed and efficiency on the water. Now, let's incorporate hyperbole, exaggerating the swift and almost magical nature of a hydrofoil.\n\nGliding like the wind,  \nSkimming waves, faster than light—  \nHydrofoil ascends.""}]","","{}","",false,"2025-02-19 00:25:04"
"foo","write_haiku","0193a228-c850-7a51-90b6-41ffcbb8ecf6","0193fb9d-587e-7443-8dfb-3f7ddc4d736c","{""messages"":[{""role"":""user"",""content"":[{""type"":""text"",""value"":{""topic"":""connection""}}]}]}","[{""type"":""text"",""text"":""Alright, let's brainstorm on this topic. Connection... it can be about relationships, bonds, networks, or even technology. Hyperbole, or exaggerated statements, can add an interesting twist to the idea of connection—perhaps suggesting an almost supernatural link or a vast, boundless network. \n\nLet's try to capture this in a haiku:\n\nTies that bind the stars,  \nWeb of endless galaxies,  \nHearts reach infinity.""}]","","{}","",false,"2025-02-19 00:25:04"
"foo","write_haiku","01939efd-9840-7663-9120-e21d3ce4efd9","0193fb9d-6677-7962-8d37-1646951aca73","{""messages"":[{""role"":""user"",""content"":[{""type"":""text"",""value"":{""topic"":""shareholder""}}]}]}","[{""type"":""text"",""text"":""Alright, let's see. The topic \""shareholder\"" immediately brings images of finance, stocks, meetings, and ownership to mind. Shareholders are individuals or entities that own shares in a company, and their influence can be vast, sometimes even disproportionately so. For a hyperbolic touch, I might emphasize the extent of their power or their influence over the world.\n\nNow, let's structure this into a haiku with the appropriate 5-7-5 pattern:\n\nSilent titans stand,  \nGuiding the world's grand courses,  \nWith just one spare vote.""}]","","{}","",false,"2025-02-19 00:25:04"
"foo","write_haiku","01944321-1488-7800-924c-bb8372e340bf","0193fb9d-8745-77a2-b2e2-b9c56f3af426","{""messages"":[{""role"":""user"",""content"":[{""type"":""text"",""value"":{""topic"":""boy""}}]}]}","[{""type"":""text"",""text"":""Alright. Let's think about the subject \""boy\"" and how to incorporate hyperbole. The essence might be found in boundless energy, endless curiosity, or perhaps dreams that are larger than life. Alright, let's give it a whirl:\n\nA boy's leap can lift  \ntall mountains to embrace skies,  \nsunlight in his hands.""}]","","{}","",false,"2025-02-19 00:25:04"
"foo","write_haiku","0193b200-b8a0-7083-93e5-1ea89c6cfde7","0193fb9d-757d-7061-90d5-c154556bf901","{""messages"":[{""role"":""user"",""content"":[{""type"":""text"",""value"":{""topic"":""warrior""}}]}]}","[{""type"":""text"",""text"":""Thinking about warriors often evokes imagery of strength, courage, and battles. Hyperbole can amplify these traits to mythical extremes. Let's try to capture that in a haiku.\n\nIron heart pounding,  \nSplits mountains with just one strike—  \nTitan unyielding.""}]","","{}","",false,"2025-02-19 00:25:04"
"foo","write_haiku","01946c52-8170-7021-96b8-b97cce517977","0193fb9d-c1f4-7ab2-ba77-7d48c96f599f","{""messages"":[{""role"":""user"",""content"":[{""type"":""text"",""value"":{""topic"":""pup""}}]}]}","[{""type"":""text"",""text"":""Alright, let's think about pups. Picture those adorable little creatures that bring so much joy. Puppies have boundless energy and are often loved beyond words. \n\nNow, to incorporate a hyperbole... Perhaps something about their endless energy or how they fill hearts with joy. Here’s the haiku:\n\nTiny paws dancing,  \nBoundless joy fills the whole sky,  \nHeart overflows, wild.""}]","","{}","",false,"2025-02-19 00:25:04"
"foo","write_haiku","01938f25-a7f0-7610-96f7-a1c4d3857ef7","0193fb9d-4cc0-76c3-8a21-debb9924080b","{""messages"":[{""role"":""user"",""content"":[{""type"":""text"",""value"":{""topic"":""anarchy""}}]}]}","[{""type"":""text"",""text"":""Alright, let's see. Anarchy often involves chaos or extreme freedom from rules. Hyperbole could be helpful here to emphasize the intensity of such a state. \n\nFirst, I'll think of the images and feelings anarchy evokes: disarray, wild freedom, maybe even boundless energy.\n\nNow, let's shape this idea within the 5-7-5 syllable structure:\n\nWorld falls into holes,  \nStars burn brighter in the sky—  \nAll rules backwards run.  \n\nThis haiku captures the chaos of anarchy with an exaggerated collapse of the world and stars burning brighter, suggesting an overwhelming, unrestrained energy.""}]","","{}","",false,"2025-02-19 00:25:04"
"foo","write_haiku","019362c9-0af8-7fb2-97a6-c19cf63f04bf","0193fb9d-4cc1-73d3-8512-1f511b2fa0a4","{""messages"":[{""role"":""user"",""content"":[{""type"":""text"",""value"":{""topic"":""solution""}}]}]}","[{""type"":""text"",""text"":""Alright, let's think about the concept of a solution.\n\nA \""solution\"" can refer to the resolution of a problem or a liquid mixture. It's important to incorporate hyperbole, so I'll try to amplify the aspects of finding or creating a solution to great effect. Solutions can sometimes feel like they make impossible things possible.\n\nLet me craft the haiku:\n\nMagic elixir,  \nA problem dissolves away—  \nWorld's calmness reborn.""}]","","{}","",false,"2025-02-19 00:25:04"
"foo","write_haiku","019391ae-9cc0-7652-97c1-f07210d0d92b","0193fb9d-9599-7370-8a61-30b4831039c8","{""messages"":[{""role"":""user"",""content"":[{""type"":""text"",""value"":{""topic"":""nun""}}]}]}","[{""type"":""text"",""text"":""Let's brainstorm a bit about the topic of a nun. Nuns are often associated with religious devotion, peace, prayer, and in some cultures, the mystery of their cloistered lives. They may spend their days in meditation or helping those in need.\n\nNow, using hyperbole to emphasize some aspect of their life, let's form a haiku:\n\nVeils touch the heavens,  \nPrayer louder than thunderstorm,  \nSilence fills the world.""}]","","{}","",false,"2025-02-19 00:25:04"
"foo","write_haiku","01942a69-d330-7f81-97f9-a3bf8cdc237b","0193fb9d-a2eb-7b72-ac62-c3756872cffb","{""messages"":[{""role"":""user"",""content"":[{""type"":""text"",""value"":{""topic"":""citizenship""}}]}]}","[{""type"":""text"",""text"":""Alright, citizenship—a concept tied to identity, belonging, rights, and responsibilities. Now, to craft a haiku with the required 5-7-5 syllable pattern, staying connected to the theme while incorporating hyperbole.\n\nLet's begin. \n\nIn the grand cosmos,  \ncitizenship holds the heavens—  \nbillions call Earth home.""}]","","{}","",false,"2025-02-19 00:25:04"
"foo","write_haiku","01937343-3688-7002-9847-bb8898a042ac","0193fb9d-c8f9-7070-873b-e041d15e3d59","{""messages"":[{""role"":""user"",""content"":[{""type"":""text"",""value"":{""topic"":""rose""}}]}]}","[{""type"":""text"",""text"":""Ah, roses, those beautiful and fragrant flowers, often associated with love and passion. They're such a classic subject for poetry! Now, let's see how we can use hyperbole to emphasize the grandeur or significance of a rose in a haiku form.\n\nRoses bloom so vast,  \nKiss the sun with ruby lips,  \nWorlds melt by their scent.""}]","","{}","",false,"2025-02-19 00:25:04"
"foo","write_haiku","019420e8-4300-7022-9860-24b0775df83f","0193fb9d-86cd-7223-a8f1-9724404da43c","{""messages"":[{""role"":""user"",""content"":[{""type"":""text"",""value"":{""topic"":""financing""}}]}]}","[{""type"":""text"",""text"":""Alright, financing. This topic involves money management, loans, investments, and maybe even making big financial decisions. I want to try to capture the idea of maintaining balance or even the stress that can come with it. Hyperbole could come in by exaggerating the pressures or rewards involved in financing.\n\nOkay, here's the haiku:\n\nBills rise like mountains,  \nDollars rain in vast torrents,  \nWallets overflow.""}]","","{}","",false,"2025-02-19 00:25:04"
"foo","write_haiku","01937a3b-d1e8-77b1-99cd-2ec36457db70","0193fb9d-4cc9-7e92-87ea-b2e80576d67a","{""messages"":[{""role"":""user"",""content"":[{""type"":""text"",""value"":{""topic"":""flock""}}]}]}","[{""type"":""text"",""text"":""Let's think about what a flock is—usually a group of birds, but it can also pertain to sheep or other animals. When writing a haiku, I want to imagine what it's like to see a flock in motion. Hyperbole will be important, so I'll try to amplify the scene in some imaginative way.\n\nAlright, here we go:\n\nEndless wings take flight,  \nSky consumed by bird battalion—  \nDay turns into night.""}]","","{}","",false,"2025-02-19 00:25:04"
"foo","write_haiku","0193f99d-8bc0-7382-9b8d-1aade52d873b","0193fb9d-6453-7093-9ee9-521b92e51745","{""messages"":[{""role"":""user"",""content"":[{""type"":""text"",""value"":{""topic"":""poison""}}]}]}","[{""type"":""text"",""text"":""Alright, considering the topic, I'm envisioning a vivid image of poison as a metaphorical force, something intense and overpowering. The aim would be to articulate how poison plays a role in its most exaggerated form.\n\nFirst, let's think about the elements:\n1. What aspects of poison can we exaggerate? Perhaps its potency or its pervasive nature.\n2. How might we contextualize poison in a broader or metaphorical sense for poetic imagery?\n\nWith those thoughts in mind, let's construct the haiku:\n\nVenom's deadly touch,  \nRivers turn to molten gold—  \nA world draws last breath.""}]","","{}","",false,"2025-02-19 00:25:04"
"foo","write_haiku","0193ec4e-8c58-77d1-9bc5-906b6b244eb3","0193fb9d-8385-7fd1-9bf3-731c7a52f605","{""messages"":[{""role"":""user"",""content"":[{""type"":""text"",""value"":{""topic"":""chutney""}}]}]}","[{""type"":""text"",""text"":""Ah, chutney—a condiment full of flavors and often used as an accompaniment in various cuisines. It can be sweet, spicy, tangy, or a combination of all those flavors. Now, a haiku with a hyperbolic twist might be an interesting challenge. Let's think about flavors and exaggerations...\n\nChutney soars and sings,  \nA cascade of taste, world's end—  \nTongue's wildest delight.""}]","","{}","",false,"2025-02-19 00:25:04"
"foo","write_haiku","01939c74-a370-70d0-9bef-dcf310d80326","0193fb9d-979f-7b22-8cb7-7780cb5bdc43","{""messages"":[{""role"":""user"",""content"":[{""type"":""text"",""value"":{""topic"":""explosion""}}]}]}","[{""type"":""text"",""text"":""Explosion – an intense and dramatic event often accompanied by light, sound, or debris. In a haiku, I can depict it with powerful imagery and exaggeration. Let's try to incorporate hyperbole, making the explosion seem even more grandiose. \n\nHere’s a start:\n\n1. The universe splits (5 syllables)\n2. Blinding light swallows the sun (7 syllables)\n3. Earth trembles in fear (5 syllables)\n\nThat sums it up:\n\nThe universe splits,  \nBlinding light swallows the sun,  \nEarth trembles in fear.""}]","","{}","",false,"2025-02-19 00:25:04"
"foo","write_haiku","01945768-ab68-7032-9c71-76121e45eaba","0193fb9d-a88a-72f3-b5fe-c5777935f181","{""messages"":[{""role"":""user"",""content"":[{""type"":""text"",""value"":{""topic"":""velodrome""}}]}]}","[{""type"":""text"",""text"":""A velodrome is an arena for track cycling, with banked curves and a smooth surface. When writing a haiku about a velodrome, I can explore the speed and intensity of the race, perhaps exaggerating them for hyperbolic effect.\n\nLet's construct the haiku:\n\nCyclists blur like light,  \nWheels spin at the speed of sound,  \nCurves carve time and space.""}]","","{}","",false,"2025-02-19 00:25:04"
"foo","write_haiku","0193f7b6-d230-7f90-9e92-16c7e769e35c","0193fb9d-b6f5-7681-9e43-2ec8e72c4b01","{""messages"":[{""role"":""user"",""content"":[{""type"":""text"",""value"":{""topic"":""chief""}}]}]}","[{""type"":""text"",""text"":""Alright, let's think about the word \""chief\"" and what it entails. It could refer to a leader or someone of great importance and authority. I think I can incorporate this idea into a haiku, and maybe even exaggerate the power or wisdom that a chief holds as a form of hyperbole. \n\nAlright, let's give it a go:\n\nWise chief, sun's essence,  \nCommands mountains to tremble,  \nWisdom lights the stars.""}]","","{}","",false,"2025-02-19 00:25:04"
"foo","write_haiku","01946cf4-bcb0-7970-9f81-2df6b6d65f55","0193fb9d-6a0b-7bd1-ba87-2e432e800678","{""messages"":[{""role"":""user"",""content"":[{""type"":""text"",""value"":{""topic"":""brain""}}]}]}","[{""type"":""text"",""text"":""Alright, the topic is \""brain.\"" I'm thinking about ways in which the brain is such a vast and powerful entity. It holds the capability to process, memorize, and innovate at incredible speed.\n\nNow, to incorporate hyperbole, I might exaggerate its capabilities or its vastness, depicting it as almost limitless or incomprehensible.\n\nHere's my haiku:\n\nEndless universe  \nIn my mind's vast cosmosphere—  \nThoughts birth galaxies.""}]","","{}","",false,"2025-02-19 00:25:04"
"foo","write_haiku","0193ed93-06c0-77d1-9ffc-bd93c3aeec9f","0193fb9d-a629-7b72-9c0a-ad9c795a0dd7","{""messages"":[{""role"":""user"",""content"":[{""type"":""text"",""value"":{""topic"":""beef""}}]}]}","[{""type"":""text"",""text"":""Thinking about beef, I need to consider the richness and magnitude of its flavors. Hyperbole could play with ideas of its importance or size in some way.\n\nRichest flavors of  \ngiants, mountains of beef rise,  \nfeeds armies for years.""}]","","{}","",false,"2025-02-19 00:25:04"
"foo","write_haiku","01947ae5-f758-71e1-a099-46a1eaf857df","0193fb9d-6a0e-7d02-be64-7b3a8b24ecd0","{""messages"":[{""role"":""user"",""content"":[{""type"":""text"",""value"":{""topic"":""cry""}}]}]}","[{""type"":""text"",""text"":""Alright, the topic is \""cry.\"" Crying can be such an intense and evocative subject. It's something that often carries a strong emotional weight. I'll aim to give this haiku a sense of drama and exaggeration, perhaps to emphasize the intensity of the act of crying.\n\nLet's see:\n\nTears flood the vast plains,  \nDrowning sorrow's deep echoes,  \nWorld submerged in wails.  ""}]","","{}","",false,"2025-02-19 00:25:04"
"foo","write_haiku","0194539b-4018-7312-a242-abb999565def","0193fb9d-5a1f-7e62-b509-e1229f280aab","{""messages"":[{""role"":""user"",""content"":[{""type"":""text"",""value"":{""topic"":""revolution""}}]}]}","[{""type"":""text"",""text"":""Alright, let's think about revolution. Revolution can mean a massive change, often in a societal, political, or technological context. It's a powerful upheaval that can alter the course of history. Hyperbole will exaggerate this idea, perhaps focusing on its magnitude.\n\nNow, onto forming the haiku:\n\nWorld trembles and shakes,  \nStars themselves are spinning wild,  \nChange wraps all in light.""}]","","{}","",false,"2025-02-19 00:25:04"
"foo","write_haiku","0193c5a6-1440-7743-a29f-703c9db3f85c","0193fb9d-9b72-76f3-94b9-e50c4e62beb3","{""messages"":[{""role"":""user"",""content"":[{""type"":""text"",""value"":{""topic"":""netball""}}]}]}","[{""type"":""text"",""text"":""Netball is a fast-paced game, requiring agility, precision, and teamwork. When writing a haiku about netball, I should capture the intensity and skill involved in the sport, and maybe exaggerate these elements.\n\nLet's see...\n\nFive syllables for the first line, and I'm thinking about the ball or the players.\nSeven syllables for the second line, perhaps emphasizing the speed or fierce competition.\nFive syllables for the third line, possibly a metaphor or grand imagery.\n\nHere's the haiku:\n\nPlayers soar like birds,  \nLightning speeds across the court,  \nHoop touches the sky.""}]","","{}","",false,"2025-02-19 00:25:04"
"foo","write_haiku","0193e9c5-9b70-79e0-a42d-5da778d1609b","0193fb9d-88e1-7802-9b92-0a9d23970b7c","{""messages"":[{""role"":""user"",""content"":[{""type"":""text"",""value"":{""topic"":""prescription""}}]}]}","[{""type"":""text"",""text"":""Alright, let's brainstorm about the topic of prescription. Prescriptions are commonly associated with medication, doctor's orders, healing, and health improvement. They often carry an element of urgency or necessity, and their impact on life can sometimes feel quite significant. Hyperbole could be a way exaggerate their effect on us or the process of getting one.\n\nLet's create a haiku:\n\nA paper so small  \nHolds a universe of health,  \nLife's magic potion.""}]","","{}","",false,"2025-02-19 00:25:04"
"foo","write_haiku","01937529-ec30-71b0-a486-1fda138b69c9","0193fb9d-4cc9-7e92-87ea-b26881d141be","{""messages"":[{""role"":""user"",""content"":[{""type"":""text"",""value"":{""topic"":""comeback""}}]}]}","[{""type"":""text"",""text"":""Alright, let's think about the word \""comeback.\"" It signifies a return, a powerful resurgence. This has elements of strength, resilience, and perhaps even surprise. The challenge here is to weave these aspects into a haiku with a little exaggeration, as per the requirement. \n\nHere goes:\n\nRising from ashes,  \nWith the strength to move mountains,  \nThe world holds its breath.  \n\nThere it is. A haiku about a comeback, complete with a touch of hyperbole!""}]","","{}","",false,"2025-02-19 00:25:04"
"foo","write_haiku","01940ab9-f290-79d1-a4f7-dea78a355d43","0193fb9d-8cb3-7130-a3c1-fda5267f74f7","{""messages"":[{""role"":""user"",""content"":[{""type"":""text"",""value"":{""topic"":""thickness""}}]}]}","[{""type"":""text"",""text"":""Alright, the topic is thickness. When I think of thickness, it could refer to any number of things, like a fog, a book, or maybe even emotions. To satisfy the hyperbole requirement, I will exaggerate the thickness to an extreme.\n\nHere's a start:\n- First line: a statement about something being thick\n- Second line: exaggerating the thickness even more\n- Third line: concluding with a comparison\n\nLet's put that into a haiku structure. \n\nDense fog bends the trees,  (5 syllables)\nWalls of mist like mountain's edge, (7 syllables)\nAir stands still, unbreathed. (5 syllables)""}]","","{}","",false,"2025-02-19 00:25:04"
"foo","write_haiku","01944507-ca30-7ff1-a541-8f19338c7a65","0193fb9d-59e7-7d33-b328-9534aac9452c","{""messages"":[{""role"":""user"",""content"":[{""type"":""text"",""value"":{""topic"":""uplift""}}]}]}","[{""type"":""text"",""text"":""Alright, the topic is \""uplift\"". Let's see how I can express that feeling in a haiku with a touch of exaggeration. \n\nFirst, I need the uplifting imagery, maybe something like soaring or rising. Hyperbole could be taking something simple and really exaggerating how powerful or transformative it is. Let's draft something.\n\nMountains touch the sky,\nLifted by whispers of hope—\nEarth spins in their hands. \n\nNow let's count the syllables to make sure it's correct.\n1st line: Mountains touch the sky (5)\n2nd line: Lifted by whispers of hope (7)\n3rd line: Earth spins in their hands (5)\n\nPerfect. That works as a haiku, and it captures the idea of being uplifted with some hyperbole.""}]","","{}","",false,"2025-02-19 00:25:04"
"foo","write_haiku","0193640d-8560-7f83-a5c3-16c9906d6bc9","0193fb9d-59ab-7441-8515-d99add18a747","{""messages"":[{""role"":""user"",""content"":[{""type"":""text"",""value"":{""topic"":""garb""}}]}]}","[{""type"":""text"",""text"":""Alright, let's think about garb. Garb refers to clothing or attire, and I need to include hyperbole—an exaggerated statement or claim—not meant to be taken literally. So, perhaps I could focus on clothing that has an exuberant description or effect.\n\nClothes of purest gold,\nDraped upon the moonlight's rays,\nBlind the stars with sheen.""}]","","{}","",false,"2025-02-19 00:25:04"
"foo","write_haiku","019460ea-3b98-76c0-a658-e774d2ac859d","0193fb9d-70fd-7101-b83c-309db214cda2","{""messages"":[{""role"":""user"",""content"":[{""type"":""text"",""value"":{""topic"":""giant""}}]}]}","[{""type"":""text"",""text"":""Alright, let's think about the word \""giant.\"" We're dealing with something enormous, larger than life, mythical almost. Giant can refer to size, impact, or even metaphorical largeness, like a giant in the field of expertise or emotion.\n\nI need to think about hyperbole too. Hyperbole is an exaggerated statement, not meant to be taken literally.\n\nNow, let's try to create a haiku:\n\nMountains touch the sky,  \nTheir footsteps shake the whole earth,  \nGiant's towering gaze.""}]","","{}","",false,"2025-02-19 00:25:04"
"foo","write_haiku","0194809a-1850-7c61-aa41-f62c6df75370","0193fb9d-ae64-7b12-bf7b-687db9d4b8c0","{""messages"":[{""role"":""user"",""content"":[{""type"":""text"",""value"":{""topic"":""rhinoceros""}}]}]}","[{""type"":""text"",""text"":""Ah, the majestic rhinoceros – a creature that encapsulates strength and a primeval presence. Their size and aura make them a fascinating subject for a haiku. Considering their might, I should incorporate some exaggerated imagery.\n\nDense like mountainside,  \nRhinos shake Earth with each step—  \nThunderous giants.""}]","","{}","",false,"2025-02-19 00:25:04"
"foo","write_haiku","0193ee35-45e8-7793-aaf4-cbc5022ad120","0193fb9d-73f0-7263-9c1b-c8566050bb13","{""messages"":[{""role"":""user"",""content"":[{""type"":""text"",""value"":{""topic"":""sky""}}]}]}","[{""type"":""text"",""text"":""Alright, thinking of the sky, which is vast and filled with endless possibilities. The use of hyperbole can really convey its boundlessness or another exaggerated aspect of it.\n\nHere we go:\n\nEndless azure stretch,  \nHolds ten thousand blazing suns,  \nMelts the world below.  ""}]","","{}","",false,"2025-02-19 00:25:04"
"foo","write_haiku","0193b489-a988-74d3-adbe-d89c46e10a95","0193fb9d-92c3-7472-90ed-4dda3bdfc169","{""messages"":[{""role"":""user"",""content"":[{""type"":""text"",""value"":{""topic"":""kick""}}]}]}","[{""type"":""text"",""text"":""Alright, thinking about the word \""kick,\"" it conveys a sense of power, energy, and motion. The challenge here is to incorporate the topic and include a hyperbole. Perhaps I can focus on the power of a kick:\n\nLightning-fast foot finds  \nplanets dance around its might,  \nworld tremors follow.""}]","","{}","",false,"2025-02-19 00:25:04"
"foo","write_haiku","0193aa65-de18-7d12-ade5-d3196e747a59","0193fb9d-88b3-7bb1-8f11-e1fb77fc29ae","{""messages"":[{""role"":""user"",""content"":[{""type"":""text"",""value"":{""topic"":""painting""}}]}]}","[{""type"":""text"",""text"":""Let's think about painting. It could involve colors, brushes, and creating something vast and beautiful. We need to incorporate hyperbole, which means we can exaggerate for effect.\n\nFirst line: I will express something extraordinary about colors, using five syllables.\nSecond line: Let's stretch the truth with seven syllables about what a painting can capture.\nThird line: Wrap up with another exaggeration in five syllables.\n\nHere is the haiku:\n\nColors blaze like suns,  \nPainting will swallow the world,  \nEndless dreams on walls.""}]","","{}","",false,"2025-02-19 00:25:04"
"foo","write_haiku","0193f714-96f0-7170-aeff-b214956b29e5","0193fb9d-b234-7552-9e36-bca056b7f5ba","{""messages"":[{""role"":""user"",""content"":[{""type"":""text"",""value"":{""topic"":""purity""}}]}]}","[{""type"":""text"",""text"":""Alright, the topic is purity. Purity often brings to mind images of innocence, untouched nature, or clarity. It might also relate to ideals of cleanliness or moral virtue. I need to create a haiku that captures these ideas, while using hyperbole to exaggerate them.\n\nHere's an attempt:\n\nSnowflakes kiss the earth,  \nWhiter than a thousand suns,  \nUntouched by all time.""}]","","{}","",false,"2025-02-19 00:25:04"
"foo","write_haiku","01943674-5448-74d0-af18-d039bc628f79","0193fb9d-b48c-7831-b02e-0b93e521cb57","{""messages"":[{""role"":""user"",""content"":[{""type"":""text"",""value"":{""topic"":""anticipation""}}]}]}","[{""type"":""text"",""text"":""Anticipation is all about the intense feeling of looking forward to something, often with excitement or eagerness. Hyperbole involves exaggeration, so I might amplify the feeling of time stretching indefinitely or the eagerness being inescapable. \n\nNow, let's craft the haiku:\n\nWaiting for the sun,  \nSeconds stretch like endless years,  \nHeartbeats outpace time.""}]","","{}","",false,"2025-02-19 00:25:04"
"foo","write_haiku","019475d4-11a0-7130-af6d-9b3e241bb998","0193fb9d-bf07-7ee2-bc86-6dcf41c3d0ac","{""messages"":[{""role"":""user"",""content"":[{""type"":""text"",""value"":{""topic"":""millisecond""}}]}]}","[{""type"":""text"",""text"":""Milliseconds—such incredibly brief moments of time that seem to pass by in the blink of an eye. Let's aim to capture the swift nature of milliseconds, perhaps by exaggerating their significance. Here we go:\n\nTime spins on its thread,  \nA heartbeat, an eternity—  \nWorlds shift in a blink.""}]","","{}","",false,"2025-02-19 00:25:04"
"foo","write_haiku","0193dd18-db30-79b2-af92-2bc541d99c07","0193fb9d-4cbb-7412-9836-463783015ce3","{""messages"":[{""role"":""user"",""content"":[{""type"":""text"",""value"":{""topic"":""gymnast""}}]}]}","[{""type"":""text"",""text"":""Alright, let's think about this. A gymnast is known for incredible strength, balance, and gravity-defying feats. They seem to soar through the air and achieve impossible physical feats with grace. Hyperbole can emphasize their seemingly superhuman abilities.\n\nBalancing on stars,  \nLeaping over the moon's glow—  \nGravity bows down.""}]","","{}","",false,"2025-02-19 00:25:04"
"foo","write_haiku","0194352f-d9e0-7a82-b05b-0e844f180327","0193fb9d-9195-7cc2-afbc-3a5483697a76","{""messages"":[{""role"":""user"",""content"":[{""type"":""text"",""value"":{""topic"":""second""}}]}]}","[{""type"":""text"",""text"":""Okay, so I need to write a haiku about the concept of a \""second.\"" A second can refer to time, the units on a clock, but it can also mean coming in second place or a secondary thing. I need to think exaggeratedly or make something hyperbolic to fit the criteria.\n\nLet's see...\n\nA second feels like  \nendless void where moments stretch,  \nholding time in fists.""}]","","{}","",false,"2025-02-19 00:25:04"
"foo","write_haiku","0194078e-c280-7263-b066-5118bf5dbf69","0193fb9d-5ba4-7440-a2d0-0f36334051a9","{""messages"":[{""role"":""user"",""content"":[{""type"":""text"",""value"":{""topic"":""carport""}}]}]}","[{""type"":""text"",""text"":""Ah, a carport – a semi-open structure that offers shelter for vehicles. When thinking of hyperbole, I might exaggerate its size or capabilities. Let's consider the feel of protection and magnitude.\n\nReflect on the carport's essence:\n1. Vast cover, beyond horizon,\n2. Always protects, everything beneath.\n\nFormulating the haiku:\n\nEndless carport roof,  \nStretching far beyond the stars,  \nShields galaxies' cars.""}]","","{}","",false,"2025-02-19 00:25:04"
"foo","write_haiku","0193e044-0b40-72d0-b08d-57a7412b3136","0193fb9d-7dd7-7a10-98ba-6305df69a66f","{""messages"":[{""role"":""user"",""content"":[{""type"":""text"",""value"":{""topic"":""doorway""}}]}]}","[{""type"":""text"",""text"":""Ah, the topic is doorway. When I think of doorways, I imagine the transition they represent – from one space to another, from inside to outside, even from one life stage to another. \n\nLet's see: I need something exaggerated, something that makes a doorway seem grand or overwhelming:\n\nGates to world's beyond,  \nUniverse in one small frame,  \nHeaven's archway waits.  \n\nThere we have it, a haiku about doorways with hyperbolic imagery!""}]","","{}","",false,"2025-02-19 00:25:04"
"foo","write_haiku","01940975-7828-7b02-b183-d464cfe49638","0193fb9d-5afc-7ba2-a39a-1e7435b3e204","{""messages"":[{""role"":""user"",""content"":[{""type"":""text"",""value"":{""topic"":""chem""}}]}]}","[{""type"":""text"",""text"":""Chemistry is a vast field that involves the study of matter, its properties, how it interacts and changes. In thinking about hyperbole, exaggeration is key. Perhaps I could say that chemical reactions are capable of immense or even supernatural feats. Now, for the haiku:\n\nBonds break with great force,  \nMolecules leap and transform,  \nWorlds collide and spark.""}]","","{}","",false,"2025-02-19 00:25:04"
"foo","write_haiku","0193b670-5f30-7851-b204-49715577b880","0193fb9d-a1e1-7bd2-914b-47e9d05c6098","{""messages"":[{""role"":""user"",""content"":[{""type"":""text"",""value"":{""topic"":""fob""}}]}]}","[{""type"":""text"",""text"":""Alright, let's see. The word \""fob\"" can refer to a key fob, a small pocket watch, or sometimes it represents a deception or trick. I'll need to weave in a hyperbolic element and follow the traditional 5-7-5 haiku form. Focusing on the key fob aspect, I can exaggerate its importance.\n\nTiny fob in hand,  \nUnlocks all doors to the stars,  \nA key to cosmos.""}]","","{}","",false,"2025-02-19 00:25:04"
"foo","write_haiku","0193a7dc-e948-76a3-b2c4-84407a7a4dd0","0193fb9d-928f-7980-8efd-12fd0f64d773","{""messages"":[{""role"":""user"",""content"":[{""type"":""text"",""value"":{""topic"":""tuba""}}]}]}","[{""type"":""text"",""text"":""Alright, let's think about the tuba. \n\nThe tuba is a large brass instrument known for its deep, resonant sound. It's often described as the backbone of the orchestra's brass section. Given its size, the volume it can produce is quite remarkable, often filling large concert halls with ease. With hyperbole, we can exaggerate some of these characteristics.\n\nNow, let's craft the haiku:\n\nGiant tuba's roar  \nShakes the earth, mountains tremble—  \nSky echoes its song.""}]","","{}","",false,"2025-02-19 00:25:04"
"foo","write_haiku","0193d620-3fd0-7782-b3cf-97deb98957c1","0193fb9d-8f3d-74f0-96d0-78909fe61bf8","{""messages"":[{""role"":""user"",""content"":[{""type"":""text"",""value"":{""topic"":""fort""}}]}]}","[{""type"":""text"",""text"":""Alright, a fort is often a stronghold or a protected place. For inspiration, I'll think about the massive size, impenetrable defenses, and perhaps even the sense of security it conveys. Hyperbole will help amplify these elements. \n\nLet's see...\n\nUnyielding stone cave,  \nGiant ramparts scrape the sky,  \nGuarding all the stars.""}]","","{}","",false,"2025-02-19 00:25:04"
"foo","write_haiku","0193a9c3-a2d8-79a1-b41a-5d7adebca591","0193fb9d-88b3-7bb1-8f11-e1e007bec8e9","{""messages"":[{""role"":""user"",""content"":[{""type"":""text"",""value"":{""topic"":""wafer""}}]}]}","[{""type"":""text"",""text"":""Ah, the wafer. A delicate and crispy treat often associated with light snacks or as a component of desserts. Now, for a haiku on the wafer, we should think about the texture, the sensations it invokes, and how a hyperbolic twist can make it intriguing.\n\nLet's see...\n\nInfinite crunches  \nOne bite shatters silence’s  \nEndless brittle world  ""}]","","{}","",false,"2025-02-19 00:25:04"
"foo","write_haiku","0193d397-4b00-7081-b493-8c189e91bad0","0193fb9d-a143-7503-9650-88a048b776c9","{""messages"":[{""role"":""user"",""content"":[{""type"":""text"",""value"":{""topic"":""polo""}}]}]}","[{""type"":""text"",""text"":""Let's think through this: Polo is a sport typically played on horseback. It involves players using mallets to hit a ball into the opposing team's goal. It's known for its fast pace, elegance, and the skill required to control both the horse and the game. A hyperbole might exaggerate an element of speed or grandeur.\n\nWith these elements in mind:\n\nHorses swift as wind,  \nmallets swing, worlds collide here—  \nan eclipse of skill.""}]","","{}","",false,"2025-02-19 00:25:04"
"foo","write_haiku","0193bb82-48d0-7653-b49a-4b41deeb9a1a","0193fb9d-65d4-7d72-9281-3ff9ab16ae68","{""messages"":[{""role"":""user"",""content"":[{""type"":""text"",""value"":{""topic"":""brownie""}}]}]}","[{""type"":""text"",""text"":""Alright, let's focus on the delicious dessert known as a brownie. I want to emphasize its irresistible nature. \n\nHow can I convey the richness and indulgence of a brownie through hyperbole in a compact haiku format? Let's see:\n\nBrownie so divine,  \nWorld's oceans turn to chocolate,  \nHeaven in one bite.  \n\nThis haiku uses hyperbole by saying that the oceans turn to chocolate to emphasize just how rich and indulgent the brownie is.""}]","","{}","",false,"2025-02-19 00:25:04"
"foo","write_haiku","0193f160-75f8-7b21-b589-217f771b8dfb","0193fb9d-7beb-73e3-9cbb-75cbddde34b0","{""messages"":[{""role"":""user"",""content"":[{""type"":""text"",""value"":{""topic"":""thunderstorm""}}]}]}","[{""type"":""text"",""text"":""Alright, let's brainstorm some ideas for a thunderstorm haiku. Thunderstorms involve lightning, rain, and booming sounds. To use hyperbole, I could exaggerate the intensity of the storm.\n\nMaybe something like the storm shaking the earth or the rain being so heavy it resembles an ocean. \n\nOkay, let's form it:\n\nSky roars, earth trembles,  \nRain pours like a mighty sea,  \nLightning splits the world.""}]","","{}","",false,"2025-02-19 00:25:04"
"foo","write_haiku","01942046-03d8-7fe1-b6ad-87af9753aa6a","0193fb9d-86cd-7223-a8f1-97016b19a677","{""messages"":[{""role"":""user"",""content"":[{""type"":""text"",""value"":{""topic"":""wallet""}}]}]}","[{""type"":""text"",""text"":""Alright, let's think about this. A wallet is used to carry money, cards, identification, and other important items. It's something small that holds valuable things. For hyperbole, I could exaggerate the importance or capacity of the wallet. Now, to craft the haiku:\n\nEndless treasure chest,  \nHolds a universe of wealth,  \nSmall but mighty vault.""}]","","{}","",false,"2025-02-19 00:25:04"
"foo","write_haiku","0193e555-f0f8-7c73-b76f-e442412f28a6","0193fb9d-8046-7193-99dc-768ea6020752","{""messages"":[{""role"":""user"",""content"":[{""type"":""text"",""value"":{""topic"":""meteor""}}]}]}","[{""type"":""text"",""text"":""Alright, the topic is meteor. I'll consider how a meteor can often be seen as awe-inspiring and sometimes fearsome. To use hyperbole, I can emphasize its speed, brightness, or impact.\n\nA blazing trail cuts  \nsky's veil, heralding doom's light—  \nearth's heart skips a beat.""}]","","{}","",false,"2025-02-19 00:25:04"
"foo","write_haiku","0193878a-d150-7032-b7aa-ff5b11088180","0193fb9d-5ec9-7923-88d7-df2d0a7580de","{""messages"":[{""role"":""user"",""content"":[{""type"":""text"",""value"":{""topic"":""tobacco""}}]}]}","[{""type"":""text"",""text"":""Alright, let's think about tobacco. Tobacco is often associated with smoking, cigarettes, and sometimes even the vast expanse of tobacco fields. The goal here is to use hyperbole, which is an exaggerated statement, to emphasize a certain aspect of tobacco. \n\nOkay, here's the haiku:\n\nLeaves stretch to the sky,  \nEach puff reshapes the whole world—  \nStorms in every breath.""}]","","{}","",false,"2025-02-19 00:25:04"
"foo","write_haiku","01943cca-b468-71b2-b883-f0d584c176ef","0193fb9d-afc7-7f10-b183-68d36f84400c","{""messages"":[{""role"":""user"",""content"":[{""type"":""text"",""value"":{""topic"":""thrust""}}]}]}","[{""type"":""text"",""text"":""Ah, thrust – a powerful and evocative concept often associated with force or propulsion. So I’ll think about something intense, possibly space travel or the force of a rocket. Hyperbole will be useful to emphasize the exaggerated impact of thrust. Now, let’s shape these ideas into a haiku.\n\nRocket’s mighty surge,  \nCracking stars in cosmic dance,  \nEarth shivers in awe.""}]","","{}","",false,"2025-02-19 00:25:04"
"foo","write_haiku","01938a13-c238-7160-b8fe-fba9a9a9af07","0193fb9d-5b3b-7ee2-896a-54599d4af40c","{""messages"":[{""role"":""user"",""content"":[{""type"":""text"",""value"":{""topic"":""driving""}}]}]}","[{""type"":""text"",""text"":""Driving is a great topic with lots of potential for imagery and exaggerated expression. The feeling of speed, the never-ending roads, the vastness of landscapes, the rush of wind—these can all be hyperbolized to enhance the haiku. Now, let's consider the pattern of 5-7-5 syllables. I'll try to incorporate all these elements into the haiku.\n\nHere's the haiku:\n\nWind whispers faster  \nThan a thousand dreams can fly,  \nEndless roads unfold.""}]","","{}","",false,"2025-02-19 00:25:04"
"foo","write_haiku","01943b86-3a00-7d40-b9d3-d52eb6d2cbf6","0193fb9d-5b06-7a32-b15e-f0339f110484","{""messages"":[{""role"":""user"",""content"":[{""type"":""text"",""value"":{""topic"":""innovation""}}]}]}","[{""type"":""text"",""text"":""Okay, let's think about innovation. Innovation often involves new ideas, groundbreaking changes, and world-shattering impact. It's like taking a giant leap into the future, as if we could create something that defies nature's limits.\n\nNow, let's try formulating the haiku:\n\nBoundless minds create,  \nWorlds change with each new idea,  \nStars bow to great minds.  \n\nThis haiku reflects innovation's potential to create profound change, with hyperbole introduced through \""stars bow to great minds.\""""}]","","{}","",false,"2025-02-19 00:25:04"
"foo","write_haiku","0193f5d0-1c88-7fe0-bc4b-b46e94c1b5bd","0193fb9d-9632-78c1-9dd4-4f03b1f61646","{""messages"":[{""role"":""user"",""content"":[{""type"":""text"",""value"":{""topic"":""palate""}}]}]}","[{""type"":""text"",""text"":""Palate is related to taste and the appreciation of flavors, so I will aim to capture that experience with a hyperbole.\n\nI'm pondering the exaggerated sensations of taste and how it can be amplified for poetic effect. A vivid description using hyperbole might involve flavors so intense that they leap beyond the ordinary.\n\nLet's consider:\n\nFlavors dance on tongue  \nWorlds of savory unfold  \nBeyond cosmic dreams""}]","","{}","",false,"2025-02-19 00:25:04"
"foo","write_haiku","0193deff-90d8-7440-bd20-dfe5dc241f80","0193fb9d-9ab8-7583-98ac-d23240ea5de2","{""messages"":[{""role"":""user"",""content"":[{""type"":""text"",""value"":{""topic"":""appeal""}}]}]}","[{""type"":""text"",""text"":""Alright, let's think about the concept of \""appeal\"" and how it can be exaggerated in a haiku. \n\nAppeal relates to attraction and allure, something irresistible. I might think of it as a magnetism so strong it could move the stars themselves. That could be my hyperbole, like a beauty or charm that reaches cosmic levels.\n\nNow, onto forming the haiku with this idea of cosmic appeal:\n\nStars fall from the sky,  \nDrawn by her magnetic pull—  \nA universe charmed.""}]","","{}","",false,"2025-02-19 00:25:04"
"foo","write_haiku","01945bd8-55e0-7d42-be4f-ce7621f9e030","0193fb9d-b079-7603-b655-70435a4b5640","{""messages"":[{""role"":""user"",""content"":[{""type"":""text"",""value"":{""topic"":""high""}}]}]}","[{""type"":""text"",""text"":""Alright, let's think about things that are high. There could be physical heights, like mountains, towers, or the sky. Or perhaps metaphorical heights, like high ambitions or goals. For hyperbole, I can exaggerate the feeling of immense height or grandeur. \n\nNow, I'll put this all together into a haiku:\n\nMountains touch the stars,  \nSkyward giants crown the earth,  \nDreams climb even higher.""}]","","{}","",false,"2025-02-19 00:25:04"
"foo","write_haiku","0193d6c2-7b10-7560-be64-17630b61fe6b","0193fb9d-6fa0-7273-9703-adc2c074b594","{""messages"":[{""role"":""user"",""content"":[{""type"":""text"",""value"":{""topic"":""fuel""}}]}]}","[{""type"":""text"",""text"":""Alright, thinking about the topic of fuel. Fuel is often seen in terms of energy, power, consumption, perhaps even pollution. But to include hyperbole, I'll want to magnify these aspects to a larger-than-life level.\n\nFuel's fiery embrace,\nPower unseen, nations fall—  \nSun's envy, it burns.""}]","","{}","",false,"2025-02-19 00:25:04"
"foo","write_haiku","01946f7d-b180-7360-bf16-10d94ab1ab5e","0193fb9d-5c45-7a32-baf4-918a0df783c6","{""messages"":[{""role"":""user"",""content"":[{""type"":""text"",""value"":{""topic"":""attainment""}}]}]}","[{""type"":""text"",""text"":""Attainment is about achieving goals, reaching new levels, or acquiring a desired position or status. It often involves effort, persistence, and determination. In writing a haiku about attainment, I should aim to capture the essence of striving for and achieving something significant, while including a hyperbole.\n\nLet's think about symbolic imagery related to attainment, like climbing a mountain, reaching for the stars, or touching the sky. These can provide a foundation for hyperbole, elevating attainment to almost mythical heights.\n\nNow, let's construct the haiku:\n\nMountains touch the stars,  \nResilient hands break the sky,  \nWorld bows in awe's light.""}]","","{}","",false,"2025-02-19 00:25:04"
